,bathroom,bedroom,dining_room,garage,hall_stairwell,kitchen,laundry_room,living_room,office,rec_room
chair,0.059144,0.167704,0.008949,0.010506,0.256809,0.247082,0.010895,0.105837,0.122568,0.010506
bed,0.0,0.967719,0.0,0.0,0.009346,0.0,0.000144,0.005105,0.01668,0.001007
plant,0.195522,0.102985,0.007463,0.001493,0.30597,0.194776,0.00597,0.118657,0.062687,0.004478
toilet,0.954998,0.01168,0.0,0.0,0.024047,0.0,0.005496,0.0,0.003779,0.0
sofa,0.023256,0.073643,0.00969,0.001938,0.310078,0.139535,0.0,0.364341,0.05814,0.01938
tv_monitor,0.030505,0.212424,0.020521,0.001109,0.183028,0.170272,0.003882,0.194676,0.163616,0.019967
