,bathroom,bedroom,dining_room,garage,hall_stairwell,kitchen,laundry_room,living_room,office,rec_room
chair,0.058823529411764705,0.2270053475935829,0.038502673796791446,0.010160427807486631,0.03636363636363636,0.25989304812834224,0.008556149732620321,0.1606951871657754,0.18342245989304812,0.016577540106951873
bed,0.046848856664807585,0.7506971556051311,0.0016731734523145567,0.0016731734523145567,0.007250418293363078,0.013943112102621304,0.0011154489682097045,0.03959843837144451,0.1293920803123257,0.007808142777467931
plant,0.25162275677739593,0.1332569683085147,0.029782359679266894,0.001145475372279496,0.03512791141657121,0.3119511263841161,0.009927453226422299,0.14585719740358916,0.07560137457044673,0.0057273768613974796
toilet,0.9699930216329379,0.011863224005582694,0.0,0.0,0.0024424284717376133,0.004884856943475227,0.005582693649685973,0.0013956734124214933,0.0038381018841591066,0.0
sofa,0.015789473684210527,0.09276315789473684,0.042105263157894736,0.001973684210526316,0.05263157894736842,0.24407894736842106,0.001973684210526316,0.45460526315789473,0.0756578947368421,0.018421052631578946
tv_monitor,0.031161473087818695,0.2543909348441926,0.028328611898016998,0.0011331444759206798,0.026628895184135977,0.21529745042492918,0.004532577903682719,0.23512747875354106,0.1801699716713881,0.02322946175637394
